{"Mean":{"confidence_interval":{"confidence_level":0.95,"lower_bound":35229.86816117799,"upper_bound":35501.489439661906},"point_estimate":35357.023372021584,"standard_error":69.3675353335402},"Median":{"confidence_interval":{"confidence_level":0.95,"lower_bound":35011.210721649484,"upper_bound":35229.25698630137},"point_estimate":35120.54184065934,"standard_error":65.19730932680325},"MedianAbsDev":{"confidence_interval":{"confidence_level":0.95,"lower_bound":206.82827788100954,"upper_bound":456.5508576332059},"point_estimate":326.7895150336448,"standard_error":65.82610360030951},"Slope":{"confidence_interval":{"confidence_level":0.95,"lower_bound":35103.89451939296,"upper_bound":35312.91213125698},"point_estimate":35202.5640147776,"standard_error":53.28223108033993},"StdDev":{"confidence_interval":{"confidence_level":0.95,"lower_bound":465.8089397131349,"upper_bound":897.7599978634053},"point_estimate":696.9456626538174,"standard_error":110.14322937440826}}