{"Mean":{"confidence_interval":{"confidence_level":0.95,"lower_bound":340423.55021251226,"upper_bound":341000.0857965004},"point_estimate":340691.5675063255,"standard_error":147.3618424393377},"Median":{"confidence_interval":{"confidence_level":0.95,"lower_bound":340146.1692307692,"upper_bound":340363.99285305885},"point_estimate":340237.8596491228,"standard_error":57.50741094222232},"MedianAbsDev":{"confidence_interval":{"confidence_level":0.95,"lower_bound":348.4922321861052,"upper_bound":622.0301980557798},"point_estimate":495.57567428406696,"standard_error":68.14320214918656},"Slope":{"confidence_interval":{"confidence_level":0.95,"lower_bound":340360.60987566196,"upper_bound":341422.1795218144},"point_estimate":340833.791186641,"standard_error":273.497393001826},"StdDev":{"confidence_interval":{"confidence_level":0.95,"lower_bound":947.359104033964,"upper_bound":1969.8964768309818},"point_estimate":1482.6842636601662,"standard_error":263.80169196000656}}