{"Mean":{"confidence_interval":{"confidence_level":0.95,"lower_bound":30115.60964696249,"upper_bound":30269.588735467627},"point_estimate":30188.962672003912,"standard_error":39.2447448822899},"Median":{"confidence_interval":{"confidence_level":0.95,"lower_bound":29913.77876984127,"upper_bound":30177.318401937046},"point_estimate":29986.31792717087,"standard_error":61.323538319136674},"MedianAbsDev":{"confidence_interval":{"confidence_level":0.95,"lower_bound":71.75906604913288,"upper_bound":433.372070995197},"point_estimate":175.1176084299637,"standard_error":79.57191835999362},"Slope":{"confidence_interval":{"confidence_level":0.95,"lower_bound":29985.40611161559,"upper_bound":30166.045713720025},"point_estimate":30064.68751620258,"standard_error":46.440867159282675},"StdDev":{"confidence_interval":{"confidence_level":0.95,"lower_bound":292.56764206763546,"upper_bound":503.1079721956066},"point_estimate":393.4712935882053,"standard_error":55.60017701154883}}