{"Mean":{"confidence_interval":{"confidence_level":0.95,"lower_bound":496631.3589185132,"upper_bound":499178.6787197295},"point_estimate":497969.04239470325,"standard_error":651.9408193817789},"Median":{"confidence_interval":{"confidence_level":0.95,"lower_bound":500306.68979591836,"upper_bound":500601.16041666665},"point_estimate":500458.59656084655,"standard_error":84.98818026089738},"MedianAbsDev":{"confidence_interval":{"confidence_level":0.95,"lower_bound":541.3240067345142,"upper_bound":915.6784537434175},"point_estimate":699.4764723611254,"standard_error":96.31105666349431},"Slope":{"confidence_interval":{"confidence_level":0.95,"lower_bound":491255.2828689574,"upper_bound":496222.8145164421},"point_estimate":493618.1178675927,"standard_error":1270.6412565291398},"StdDev":{"confidence_interval":{"confidence_level":0.95,"lower_bound":5093.780943798236,"upper_bound":7688.32585765878},"point_estimate":6565.9602102582085,"standard_error":664.739264247577}}