{"Mean":{"confidence_interval":{"confidence_level":0.95,"lower_bound":326853.24902809726,"upper_bound":327631.3386454916},"point_estimate":327215.51022500684,"standard_error":199.63536466288545},"Median":{"confidence_interval":{"confidence_level":0.95,"lower_bound":326569.041025641,"upper_bound":326884.6327683616},"point_estimate":326740.141748366,"standard_error":80.69297667816588},"MedianAbsDev":{"confidence_interval":{"confidence_level":0.95,"lower_bound":442.46062169021087,"upper_bound":769.0828913260669},"point_estimate":589.4388791739055,"standard_error":83.58561789492295},"Slope":{"confidence_interval":{"confidence_level":0.95,"lower_bound":326787.3963441697,"upper_bound":327472.42204767256},"point_estimate":327108.88997684844,"standard_error":174.72140496276728},"StdDev":{"confidence_interval":{"confidence_level":0.95,"lower_bound":1322.0965422854765,"upper_bound":2540.000915446185},"point_estimate":1995.7002573609884,"standard_error":310.3644025005941}}