{"Mean":{"confidence_interval":{"confidence_level":0.95,"lower_bound":38265.35499693266,"upper_bound":38364.64932042303},"point_estimate":38307.170333892594,"standard_error":25.82385702427392},"Median":{"confidence_interval":{"confidence_level":0.95,"lower_bound":38225.342069892475,"upper_bound":38233.933333333334},"point_estimate":38227.80615048793,"standard_error":2.1130782009760485},"MedianAbsDev":{"confidence_interval":{"confidence_level":0.95,"lower_bound":7.646582205515361,"upper_bound":18.04759613466084},"point_estimate":11.047426645586924,"standard_error":2.730838442882656},"Slope":{"confidence_interval":{"confidence_level":0.95,"lower_bound":38232.99195830955,"upper_bound":38255.622600317016},"point_estimate":38242.13126988818,"standard_error":5.867433826521719},"StdDev":{"confidence_interval":{"confidence_level":0.95,"lower_bound":104.66280133151301,"upper_bound":405.7709421482354},"point_estimate":258.61579439192195,"standard_error":91.61528953950352}}