{"Mean":{"confidence_interval":{"confidence_level":0.95,"lower_bound":92979.58466995282,"upper_bound":93162.37876526217},"point_estimate":93053.74264725737,"standard_error":47.79070631977243},"Median":{"confidence_interval":{"confidence_level":0.95,"lower_bound":92954.14718575796,"upper_bound":93003.5202247191},"point_estimate":92984.41382352941,"standard_error":13.625045168926176},"MedianAbsDev":{"confidence_interval":{"confidence_level":0.95,"lower_bound":75.65257217802211,"upper_bound":114.47512165877662},"point_estimate":96.94333311586726,"standard_error":10.133104297590162},"Slope":{"confidence_interval":{"confidence_level":0.95,"lower_bound":92968.35488442959,"upper_bound":93047.3348481729},"point_estimate":93001.81261031477,"standard_error":20.354105205407674},"StdDev":{"confidence_interval":{"confidence_level":0.95,"lower_bound":114.55501283129662,"upper_bound":777.3894175852445},"point_estimate":480.9948635189332,"standard_error":189.99582473640305}}