{"Mean":{"confidence_interval":{"confidence_level":0.95,"lower_bound":219940.80655935963,"upper_bound":221166.48204864262},"point_estimate":220469.90592684847,"standard_error":316.4214852844733},"Median":{"confidence_interval":{"confidence_level":0.95,"lower_bound":219494.1891891892,"upper_bound":219572.1907894737},"point_estimate":219523.45,"standard_error":19.328304068071525},"MedianAbsDev":{"confidence_interval":{"confidence_level":0.95,"lower_bound":107.43036456643478,"upper_bound":213.43336979801808},"point_estimate":142.9432623412801,"standard_error":26.21693766023984},"Slope":{"confidence_interval":{"confidence_level":0.95,"lower_bound":220078.82042609915,"upper_bound":221698.413418656},"point_estimate":220752.83250480273,"standard_error":418.66409691333234},"StdDev":{"confidence_interval":{"confidence_level":0.95,"lower_bound":1238.261616289854,"upper_bound":4852.007737800097},"point_estimate":3171.116110398933,"standard_error":962.6019186821227}}