{"Mean":{"confidence_interval":{"confidence_level":0.95,"lower_bound":265395.41625624156,"upper_bound":265703.22915125015},"point_estimate":265540.83161716996,"standard_error":78.7019137442875},"Median":{"confidence_interval":{"confidence_level":0.95,"lower_bound":265228.734375,"upper_bound":265381.54239822493},"point_estimate":265305.4054425837,"standard_error":39.4665297029701},"MedianAbsDev":{"confidence_interval":{"confidence_level":0.95,"lower_bound":254.76240216501535,"upper_bound":505.07638516369394},"point_estimate":352.712667332454,"standard_error":69.1314642956409},"Slope":{"confidence_interval":{"confidence_level":0.95,"lower_bound":265439.4512923088,"upper_bound":265850.26127347397},"point_estimate":265636.95617629675,"standard_error":105.21001082743771},"StdDev":{"confidence_interval":{"confidence_level":0.95,"lower_bound":552.4150735941171,"upper_bound":1015.0122823739429},"point_estimate":793.8809751021079,"standard_error":119.10132475888345}}