{"Mean":{"confidence_interval":{"confidence_level":0.95,"lower_bound":223680.8819128979,"upper_bound":224312.59958450394},"point_estimate":223987.64429648136,"standard_error":161.09011218455518},"Median":{"confidence_interval":{"confidence_level":0.95,"lower_bound":223683.9921875,"upper_bound":224021.92771084336},"point_estimate":223832.17999362855,"standard_error":84.9922487261968},"MedianAbsDev":{"confidence_interval":{"confidence_level":0.95,"lower_bound":623.5477352031293,"upper_bound":1216.8658923262217},"point_estimate":857.2864998636828,"standard_error":146.37496212506574},"Slope":{"confidence_interval":{"confidence_level":0.95,"lower_bound":223526.13635782944,"upper_bound":224220.66114944},"point_estimate":223851.6920466972,"standard_error":176.8839985761519},"StdDev":{"confidence_interval":{"confidence_level":0.95,"lower_bound":1210.0114208132138,"upper_bound":1986.0037933977844},"point_estimate":1622.3511244660228,"standard_error":197.94329437296142}}