{"Mean":{"confidence_interval":{"confidence_level":0.95,"lower_bound":203726.11545854397,"upper_bound":204589.88256450213},"point_estimate":204136.9178302544,"standard_error":220.24084123342925},"Median":{"confidence_interval":{"confidence_level":0.95,"lower_bound":202993.3291125541,"upper_bound":203249.42349726777},"point_estimate":203059.91533609305,"standard_error":65.86500657533485},"MedianAbsDev":{"confidence_interval":{"confidence_level":0.95,"lower_bound":214.49661156426131,"upper_bound":651.0496786415475},"point_estimate":418.32071465024194,"standard_error":105.3468012112648},"Slope":{"confidence_interval":{"confidence_level":0.95,"lower_bound":203290.41369175355,"upper_bound":203796.11774791745},"point_estimate":203509.06931165952,"standard_error":129.9823083404807},"StdDev":{"confidence_interval":{"confidence_level":0.95,"lower_bound":1683.317180524025,"upper_bound":2653.284215626299},"point_estimate":2212.19097486621,"standard_error":247.11979534144385}}