{"Mean":{"confidence_interval":{"confidence_level":0.95,"lower_bound":71157.30099771361,"upper_bound":71213.47837984981},"point_estimate":71184.40655369736,"standard_error":14.331318047658455},"Median":{"confidence_interval":{"confidence_level":0.95,"lower_bound":71110.01265822785,"upper_bound":71129.74825174826},"point_estimate":71116.43112750264,"standard_error":5.206062662591262},"MedianAbsDev":{"confidence_interval":{"confidence_level":0.95,"lower_bound":31.15180833208469,"upper_bound":61.53959407299026},"point_estimate":40.9931558214137,"standard_error":8.07655058343894},"Slope":{"confidence_interval":{"confidence_level":0.95,"lower_bound":71163.83256513457,"upper_bound":71233.3812806773},"point_estimate":71196.88223801025,"standard_error":17.768781272313507},"StdDev":{"confidence_interval":{"confidence_level":0.95,"lower_bound":116.20458074056275,"upper_bound":166.56143642208593},"point_estimate":144.58350852888003,"standard_error":12.856866787496713}}