{"Mean":{"confidence_interval":{"confidence_level":0.95,"lower_bound":130412.27398785982,"upper_bound":131239.2764011495},"point_estimate":130808.31729515755,"standard_error":211.10738729776324},"Median":{"confidence_interval":{"confidence_level":0.95,"lower_bound":129639.5905923345,"upper_bound":130204.79591836735},"point_estimate":130004.82822477649,"standard_error":155.52211915414566},"MedianAbsDev":{"confidence_interval":{"confidence_level":0.95,"lower_bound":557.577953170068,"upper_bound":1277.9134315982185},"point_estimate":1021.5168535702467,"standard_error":203.9778611205067},"Slope":{"confidence_interval":{"confidence_level":0.95,"lower_bound":130542.32006468483,"upper_bound":131591.10847295535},"point_estimate":131031.78063459224,"standard_error":267.4967402427043},"StdDev":{"confidence_interval":{"confidence_level":0.95,"lower_bound":1630.9991231583226,"upper_bound":2541.682064888038},"point_estimate":2126.4986698504536,"standard_error":233.40764944042732}}