{"Mean":{"confidence_interval":{"confidence_level":0.95,"lower_bound":30056.403377468643,"upper_bound":30234.93938111756},"point_estimate":30118.51919313319,"standard_error":55.199678266216154},"Median":{"confidence_interval":{"confidence_level":0.95,"lower_bound":30040.751861042183,"upper_bound":30059.68049155146},"point_estimate":30051.787030941407,"standard_error":4.3270844401820465},"MedianAbsDev":{"confidence_interval":{"confidence_level":0.95,"lower_bound":19.962173602168313,"upper_bound":37.31870429494796},"point_estimate":29.942589618849883,"standard_error":4.19461328107907},"Slope":{"confidence_interval":{"confidence_level":0.95,"lower_bound":30067.861125720097,"upper_bound":30295.00069367852},"point_estimate":30143.021189072206,"standard_error":65.64833846419396},"StdDev":{"confidence_interval":{"confidence_level":0.95,"lower_bound":35.57324217060161,"upper_bound":952.1975197155441},"point_estimate":556.3020499841125,"standard_error":328.1055337352744}}