{"Mean":{"confidence_interval":{"confidence_level":0.95,"lower_bound":322836.35772737424,"upper_bound":325245.0635801961},"point_estimate":323976.50151778496,"standard_error":618.4336043317717},"Median":{"confidence_interval":{"confidence_level":0.95,"lower_bound":321272.8333333333,"upper_bound":321664.84869431646},"point_estimate":321506.41615120275,"standard_error":118.39738283771662},"MedianAbsDev":{"confidence_interval":{"confidence_level":0.95,"lower_bound":956.470529246941,"upper_bound":1831.5292501055114},"point_estimate":1365.4265238240434,"standard_error":230.5267590710827},"Slope":{"confidence_interval":{"confidence_level":0.95,"lower_bound":322692.55321392533,"upper_bound":326125.16612627683},"point_estimate":324193.0346909019,"standard_error":889.3867056233931},"StdDev":{"confidence_interval":{"confidence_level":0.95,"lower_bound":4307.697966646848,"upper_bound":7961.98734364341},"point_estimate":6194.515106730481,"standard_error":940.4734283163613}}