{"Mean":{"confidence_interval":{"confidence_level":0.95,"lower_bound":370585.1093289281,"upper_bound":370962.68520509574},"point_estimate":370773.9915183165,"standard_error":96.41354544202939},"Median":{"confidence_interval":{"confidence_level":0.95,"lower_bound":370763.4567901235,"upper_bound":371103.311827957},"point_estimate":370986.81986215536,"standard_error":88.06802337541299},"MedianAbsDev":{"confidence_interval":{"confidence_level":0.95,"lower_bound":486.2598447005175,"upper_bound":1041.9516202196412},"point_estimate":692.5045130281501,"standard_error":130.39192315002416},"Slope":{"confidence_interval":{"confidence_level":0.95,"lower_bound":370434.47950639954,"upper_bound":370831.06348435156},"point_estimate":370643.8657021822,"standard_error":100.88778586780462},"StdDev":{"confidence_interval":{"confidence_level":0.95,"lower_bound":810.8272803558929,"upper_bound":1115.1784386335064},"point_estimate":967.7765497590432,"standard_error":78.00513502558715}}