{"Mean":{"confidence_interval":{"confidence_level":0.95,"lower_bound":436216.8422953983,"upper_bound":436338.54489176045},"point_estimate":436269.61123498017,"standard_error":31.21089458254503},"Median":{"confidence_interval":{"confidence_level":0.95,"lower_bound":436178.4166666667,"upper_bound":436235.7638888889},"point_estimate":436215.6614906832,"standard_error":18.186973588929593},"MedianAbsDev":{"confidence_interval":{"confidence_level":0.95,"lower_bound":96.94262327899426,"upper_bound":185.90286485936082},"point_estimate":148.10818179083532,"standard_error":22.977448449906042},"Slope":{"confidence_interval":{"confidence_level":0.95,"lower_bound":436174.24718819454,"upper_bound":436376.06583446416},"point_estimate":436256.5572011231,"standard_error":52.54067363058493},"StdDev":{"confidence_interval":{"confidence_level":0.95,"lower_bound":161.65684484820892,"upper_bound":475.2590031122379},"point_estimate":314.26809970645945,"standard_error":95.94248069107789}}