{"Mean":{"confidence_interval":{"confidence_level":0.95,"lower_bound":87344.2414012308,"upper_bound":89715.28321472305},"point_estimate":88334.60898223385,"standard_error":614.2779270937442},"Median":{"confidence_interval":{"confidence_level":0.95,"lower_bound":86596.29892473118,"upper_bound":87010.59797979798},"point_estimate":86759.04251179245,"standard_error":113.78651352996258},"MedianAbsDev":{"confidence_interval":{"confidence_level":0.95,"lower_bound":290.9600200118078,"upper_bound":986.7222725525909},"point_estimate":549.4822958088625,"standard_error":183.68012784603206},"Slope":{"confidence_interval":{"confidence_level":0.95,"lower_bound":86913.19855960667,"upper_bound":88616.50169770484},"point_estimate":87603.70658667061,"standard_error":444.1561669578001},"StdDev":{"confidence_interval":{"confidence_level":0.95,"lower_bound":1776.73938391241,"upper_bound":9812.981444344023},"point_estimate":6206.100351338728,"standard_error":2225.365092706492}}