{"Mean":{"confidence_interval":{"confidence_level":0.95,"lower_bound":333220.7646054728,"upper_bound":333426.47678968305},"point_estimate":333321.723723312,"standard_error":52.420000960984744},"Median":{"confidence_interval":{"confidence_level":0.95,"lower_bound":333186.0229885057,"upper_bound":333295.4215605183},"point_estimate":333220.0147058824,"standard_error":31.335219829669228},"MedianAbsDev":{"confidence_interval":{"confidence_level":0.95,"lower_bound":191.28138132628905,"upper_bound":433.76906008645756},"point_estimate":355.5063705948124,"standard_error":58.46452724242552},"Slope":{"confidence_interval":{"confidence_level":0.95,"lower_bound":333226.52940086834,"upper_bound":333471.29515098606},"point_estimate":333343.46427269594,"standard_error":62.58759661567525},"StdDev":{"confidence_interval":{"confidence_level":0.95,"lower_bound":423.89313592224784,"upper_bound":617.1306390172589},"point_estimate":526.0980864367101,"standard_error":49.304182838285804}}