{"Mean":{"confidence_interval":{"confidence_level":0.95,"lower_bound":63477.292812099535,"upper_bound":63629.2681250645},"point_estimate":63540.23478832652,"standard_error":39.722666116417145},"Median":{"confidence_interval":{"confidence_level":0.95,"lower_bound":63402.12225274725,"upper_bound":63495.453388798705},"point_estimate":63424.5582226762,"standard_error":24.725357455488734},"MedianAbsDev":{"confidence_interval":{"confidence_level":0.95,"lower_bound":64.60353534456583,"upper_bound":166.6920612606705},"point_estimate":98.89745904881475,"standard_error":30.258294065652493},"Slope":{"confidence_interval":{"confidence_level":0.95,"lower_bound":63500.7840106827,"upper_bound":63857.35016318499},"point_estimate":63647.73047900526,"standard_error":94.40179890348384},"StdDev":{"confidence_interval":{"confidence_level":0.95,"lower_bound":138.89493651305173,"upper_bound":631.1254022081675},"point_estimate":397.3109133404882,"standard_error":146.46771932550405}}