{"Mean":{"confidence_interval":{"confidence_level":0.95,"lower_bound":209628.79386542013,"upper_bound":209940.21900615934},"point_estimate":209765.3564019806,"standard_error":80.50490828709903},"Median":{"confidence_interval":{"confidence_level":0.95,"lower_bound":209418.91612903227,"upper_bound":209630.62727272726},"point_estimate":209519.85336134455,"standard_error":53.613441184680624},"MedianAbsDev":{"confidence_interval":{"confidence_level":0.95,"lower_bound":249.13424914775186,"upper_bound":574.1391247742654},"point_estimate":371.6776109091354,"standard_error":83.91734986425344},"Slope":{"confidence_interval":{"confidence_level":0.95,"lower_bound":209682.12169529987,"upper_bound":209952.5549458745},"point_estimate":209813.1195915472,"standard_error":69.04730099563136},"StdDev":{"confidence_interval":{"confidence_level":0.95,"lower_bound":448.86117106827265,"upper_bound":1217.2031653364775},"point_estimate":810.5866882343983,"standard_error":246.53509253451415}}