{"Mean":{"confidence_interval":{"confidence_level":0.95,"lower_bound":92816.98296735917,"upper_bound":95909.73490761952},"point_estimate":94518.95118525211,"standard_error":796.3690740021766},"Median":{"confidence_interval":{"confidence_level":0.95,"lower_bound":96059.42145687644,"upper_bound":96135.91978609626},"point_estimate":96101.47727272726,"standard_error":21.369898340756148},"MedianAbsDev":{"confidence_interval":{"confidence_level":0.95,"lower_bound":151.44769428097146,"upper_bound":254.6880474739473},"point_estimate":204.08153588057246,"standard_error":26.09929110873583},"Slope":{"confidence_interval":{"confidence_level":0.95,"lower_bound":86951.7959757095,"upper_bound":95110.38974780473},"point_estimate":91243.86364469283,"standard_error":2094.0619759377682},"StdDev":{"confidence_interval":{"confidence_level":0.95,"lower_bound":3972.954304827013,"upper_bound":10984.045754899673},"point_estimate":8027.2208611347905,"standard_error":1863.3479367636055}}