{"Mean":{"confidence_interval":{"confidence_level":0.95,"lower_bound":139535.52714357662,"upper_bound":142038.8494564587},"point_estimate":140646.00453128433,"standard_error":644.5127779442945},"Median":{"confidence_interval":{"confidence_level":0.95,"lower_bound":138433.64481615432,"upper_bound":138857.54887218046},"point_estimate":138605.49158936302,"standard_error":131.7932196033936},"MedianAbsDev":{"confidence_interval":{"confidence_level":0.95,"lower_bound":577.2479787999937,"upper_bound":1310.169379221073},"point_estimate":871.206430415573,"standard_error":202.19246111821562},"Slope":{"confidence_interval":{"confidence_level":0.95,"lower_bound":138960.36412582145,"upper_bound":141210.20213651733},"point_estimate":139949.3343448247,"standard_error":576.3800489385208},"StdDev":{"confidence_interval":{"confidence_level":0.95,"lower_bound":2761.2598704027487,"upper_bound":9370.291412890316},"point_estimate":6483.935963859513,"standard_error":1664.6088771781615}}