{"Mean":{"confidence_interval":{"confidence_level":0.95,"lower_bound":351541.913910289,"upper_bound":353538.56435661373},"point_estimate":352355.63400879636,"standard_error":521.19043992863},"Median":{"confidence_interval":{"confidence_level":0.95,"lower_bound":351012.77040816325,"upper_bound":352064.7305712815},"point_estimate":351908.30814940576,"standard_error":246.72309937499068},"MedianAbsDev":{"confidence_interval":{"confidence_level":0.95,"lower_bound":787.4857971455044,"upper_bound":1767.0351569491963},"point_estimate":1416.2387508020802,"standard_error":249.0974270558539},"Slope":{"confidence_interval":{"confidence_level":0.95,"lower_bound":351378.4003611145,"upper_bound":352500.6729274279},"point_estimate":351858.8927914881,"standard_error":289.632045470279},"StdDev":{"confidence_interval":{"confidence_level":0.95,"lower_bound":1353.321125517356,"upper_bound":8431.091168072055},"point_estimate":5236.111106697978,"standard_error":2051.0148871704314}}