{"Mean":{"confidence_interval":{"confidence_level":0.95,"lower_bound":84449.78031488016,"upper_bound":86746.40243618682},"point_estimate":85531.13783374697,"standard_error":588.0589204901623},"Median":{"confidence_interval":{"confidence_level":0.95,"lower_bound":82873.50657894737,"upper_bound":84644.06785714286},"point_estimate":83534.65022401433,"standard_error":427.2354063284881},"MedianAbsDev":{"confidence_interval":{"confidence_level":0.95,"lower_bound":2242.8473858773964,"upper_bound":3883.595334924896},"point_estimate":3226.1229353842277,"standard_error":399.0064076353686},"Slope":{"confidence_interval":{"confidence_level":0.95,"lower_bound":83928.50335831975,"upper_bound":86151.33560410768},"point_estimate":84934.84962908231,"standard_error":565.9940309860003},"StdDev":{"confidence_interval":{"confidence_level":0.95,"lower_bound":4045.7688551972733,"upper_bound":7586.00788666791},"point_estimate":5922.6012235629905,"standard_error":907.1952189388754}}