{"Mean":{"confidence_interval":{"confidence_level":0.95,"lower_bound":79354.05082155085,"upper_bound":79371.97569020886},"point_estimate":79362.50765894874,"standard_error":4.589307082887814},"Median":{"confidence_interval":{"confidence_level":0.95,"lower_bound":79343.63447802197,"upper_bound":79356.20487421384},"point_estimate":79349.39358108108,"standard_error":3.476021653684541},"MedianAbsDev":{"confidence_interval":{"confidence_level":0.95,"lower_bound":16.962231709114928,"upper_bound":31.00928672259084},"point_estimate":23.772666911290937,"standard_error":3.5334446154865944},"Slope":{"confidence_interval":{"confidence_level":0.95,"lower_bound":79343.77716003208,"upper_bound":79363.53751853807},"point_estimate":79352.94007585834,"standard_error":5.062177252095918},"StdDev":{"confidence_interval":{"confidence_level":0.95,"lower_bound":32.05235891424561,"upper_bound":59.24195382814734},"point_estimate":46.094485743885365,"standard_error":7.016340103187182}}