{"Mean":{"confidence_interval":{"confidence_level":0.95,"lower_bound":423755.99063430284,"upper_bound":423909.5245648628},"point_estimate":423824.20735893806,"standard_error":39.27228512165759},"Median":{"confidence_interval":{"confidence_level":0.95,"lower_bound":423695.3181818182,"upper_bound":423747.77841342485},"point_estimate":423727.3589929799,"standard_error":14.833939981293407},"MedianAbsDev":{"confidence_interval":{"confidence_level":0.95,"lower_bound":78.86404856302077,"upper_bound":155.16534611057406},"point_estimate":116.68948939260034,"standard_error":19.085637005692252},"Slope":{"confidence_interval":{"confidence_level":0.95,"lower_bound":423706.00729908416,"upper_bound":423905.5386528184},"point_estimate":423782.1569745333,"standard_error":53.68546507925172},"StdDev":{"confidence_interval":{"confidence_level":0.95,"lower_bound":160.26650431702916,"upper_bound":558.1265044721438},"point_estimate":393.7622578979271,"standard_error":99.12001415948572}}