{"Mean":{"confidence_interval":{"confidence_level":0.95,"lower_bound":11216.237550425007,"upper_bound":12195.803151435593},"point_estimate":11712.397158271218,"standard_error":250.2994173263862},"Median":{"confidence_interval":{"confidence_level":0.95,"lower_bound":13637.57899282682,"upper_bound":13639.910479560884},"point_estimate":13638.444251613688,"standard_error":298.67130447722406},"MedianAbsDev":{"confidence_interval":{"confidence_level":0.95,"lower_bound":24.27066804468251,"upper_bound":64.47186145348356},"point_estimate":35.10196727963046,"standard_error":236.35542460913848},"Slope":{"confidence_interval":{"confidence_level":0.95,"lower_bound":9394.347287573595,"upper_bound":10314.902272393434},"point_estimate":9804.522627842278,"standard_error":233.99047165562786},"StdDev":{"confidence_interval":{"confidence_level":0.95,"lower_bound":2322.8900480507,"upper_bound":2610.460703956654},"point_estimate":2512.5747641855633,"standard_error":74.71671207904282}}