{"Mean":{"confidence_interval":{"confidence_level":0.95,"lower_bound":43225.425335547625,"upper_bound":45658.55891905105},"point_estimate":44515.642950098,"standard_error":622.0671901708173},"Median":{"confidence_interval":{"confidence_level":0.95,"lower_bound":46452.64021276595,"upper_bound":46467.769659406855},"point_estimate":46458.75153703704,"standard_error":4.040272332695556},"MedianAbsDev":{"confidence_interval":{"confidence_level":0.95,"lower_bound":27.783706862341983,"upper_bound":51.10763468558768},"point_estimate":40.074485099646516,"standard_error":6.091166697188577},"Slope":{"confidence_interval":{"confidence_level":0.95,"lower_bound":38243.57661671041,"upper_bound":43850.06831888761},"point_estimate":41008.65458578395,"standard_error":1435.0580675302547},"StdDev":{"confidence_interval":{"confidence_level":0.95,"lower_bound":4276.888369124724,"upper_bound":7742.881423554338},"point_estimate":6287.170518015806,"standard_error":873.0792361303606}}