{"Mean":{"confidence_interval":{"confidence_level":0.95,"lower_bound":223276.81772254116,"upper_bound":223562.1116443735},"point_estimate":223418.19147723992,"standard_error":72.67690970136759},"Median":{"confidence_interval":{"confidence_level":0.95,"lower_bound":223188.284375,"upper_bound":223436.06958762885},"point_estimate":223336.87937062938,"standard_error":71.52768533168313},"MedianAbsDev":{"confidence_interval":{"confidence_level":0.95,"lower_bound":443.6352010239793,"upper_bound":749.3619118402754},"point_estimate":607.1969635283884,"standard_error":78.01942952039096},"Slope":{"confidence_interval":{"confidence_level":0.95,"lower_bound":223197.23134157737,"upper_bound":223393.6971912531},"point_estimate":223293.04269838924,"standard_error":50.069119316044834},"StdDev":{"confidence_interval":{"confidence_level":0.95,"lower_bound":595.221056272078,"upper_bound":862.971636875405},"point_estimate":733.9963149580184,"standard_error":68.12279959647405}}