{"Mean":{"confidence_interval":{"confidence_level":0.95,"lower_bound":412826.82050626463,"upper_bound":413474.49046018824},"point_estimate":413090.534996247,"standard_error":169.38727464081364},"Median":{"confidence_interval":{"confidence_level":0.95,"lower_bound":412719.5742971888,"upper_bound":412779.95622895623},"point_estimate":412753.478974359,"standard_error":13.163482479995642},"MedianAbsDev":{"confidence_interval":{"confidence_level":0.95,"lower_bound":92.87139685922443,"upper_bound":173.04224083371497},"point_estimate":145.82194407784513,"standard_error":19.77525789774565},"Slope":{"confidence_interval":{"confidence_level":0.95,"lower_bound":412857.3120400906,"upper_bound":413118.18624304817},"point_estimate":412971.4537057288,"standard_error":66.74263415885252},"StdDev":{"confidence_interval":{"confidence_level":0.95,"lower_bound":294.7031601618999,"upper_bound":2744.7506009706444},"point_estimate":1705.3603528298443,"standard_error":673.7712669450044}}