{"Mean":{"confidence_interval":{"confidence_level":0.95,"lower_bound":217054.49123835278,"upper_bound":217294.3963015571},"point_estimate":217178.6361188693,"standard_error":61.21341010820389},"Median":{"confidence_interval":{"confidence_level":0.95,"lower_bound":217304.7260804769,"upper_bound":217458.16967741936},"point_estimate":217353.36827586207,"standard_error":39.426324011944274},"MedianAbsDev":{"confidence_interval":{"confidence_level":0.95,"lower_bound":212.75825389527296,"upper_bound":421.05719791738227},"point_estimate":303.4473413689654,"standard_error":50.680059926425045},"Slope":{"confidence_interval":{"confidence_level":0.95,"lower_bound":217083.941516994,"upper_bound":217340.8201033848},"point_estimate":217215.30518870993,"standard_error":65.62069258498204},"StdDev":{"confidence_interval":{"confidence_level":0.95,"lower_bound":499.6396346363388,"upper_bound":710.6548702966242},"point_estimate":614.3601839462209,"standard_error":53.742670858561254}}