{"Mean":{"confidence_interval":{"confidence_level":0.95,"lower_bound":404407.2976643803,"upper_bound":404588.7361154868},"point_estimate":404477.74864469975,"standard_error":48.53043131370056},"Median":{"confidence_interval":{"confidence_level":0.95,"lower_bound":404351.04581529583,"upper_bound":404414.6096153846},"point_estimate":404376.12745098036,"standard_error":16.53704450738875},"MedianAbsDev":{"confidence_interval":{"confidence_level":0.95,"lower_bound":68.85846853523437,"upper_bound":132.52510298031387},"point_estimate":98.96598721611268,"standard_error":16.882557627183374},"Slope":{"confidence_interval":{"confidence_level":0.95,"lower_bound":404383.4365686693,"upper_bound":404450.55178007466},"point_estimate":404414.04018619773,"standard_error":17.252481230180347},"StdDev":{"confidence_interval":{"confidence_level":0.95,"lower_bound":125.80062542451506,"upper_bound":806.8458893811865},"point_estimate":488.17568376075087,"standard_error":222.30498308635754}}