{"Mean":{"confidence_interval":{"confidence_level":0.95,"lower_bound":211366.02907168024,"upper_bound":212650.62791651042},"point_estimate":211945.38292891928,"standard_error":329.3593941573672},"Median":{"confidence_interval":{"confidence_level":0.95,"lower_bound":210815.72503763926,"upper_bound":210860.8441832429},"point_estimate":210836.8257362356,"standard_error":11.580278776832104},"MedianAbsDev":{"confidence_interval":{"confidence_level":0.95,"lower_bound":43.43060735526507,"upper_bound":101.43747158974243},"point_estimate":67.5621839434058,"standard_error":15.119144098597147},"Slope":{"confidence_interval":{"confidence_level":0.95,"lower_bound":210877.64261087053,"upper_bound":211149.25663049438},"point_estimate":210992.5234532289,"standard_error":70.11588393268647},"StdDev":{"confidence_interval":{"confidence_level":0.95,"lower_bound":1807.6779247784352,"upper_bound":4706.188528903602},"point_estimate":3321.656865317202,"standard_error":761.4228896490844}}