{"Mean":{"confidence_interval":{"confidence_level":0.95,"lower_bound":361242.2526522233,"upper_bound":365298.5838370004},"point_estimate":362705.16352883115,"standard_error":1172.1451611212303},"Median":{"confidence_interval":{"confidence_level":0.95,"lower_bound":360908.0684931507,"upper_bound":361154.54069119284},"point_estimate":361073.06769558945,"standard_error":57.465266452391454},"MedianAbsDev":{"confidence_interval":{"confidence_level":0.95,"lower_bound":594.4836416709733,"upper_bound":1043.5768231395498},"point_estimate":807.9537359212025,"standard_error":119.57649359807095},"Slope":{"confidence_interval":{"confidence_level":0.95,"lower_bound":361292.6172110408,"upper_bound":362187.0707236506},"point_estimate":361714.99715481995,"standard_error":229.25670355441449},"StdDev":{"confidence_interval":{"confidence_level":0.95,"lower_bound":1601.1516561569592,"upper_bound":19830.63047485539},"point_estimate":11685.479504082703,"standard_error":6338.5277742321605}}