{"Mean":{"confidence_interval":{"confidence_level":0.95,"lower_bound":170952.90980402057,"upper_bound":171292.0530675241},"point_estimate":171081.66166525576,"standard_error":92.50480019168647},"Median":{"confidence_interval":{"confidence_level":0.95,"lower_bound":170918.8541666667,"upper_bound":171032.85893067217},"point_estimate":170978.89120672172,"standard_error":28.48155245204446},"MedianAbsDev":{"confidence_interval":{"confidence_level":0.95,"lower_bound":159.24885078102162,"upper_bound":259.4560513766349},"point_estimate":202.09047401633876,"standard_error":26.251209104219164},"Slope":{"confidence_interval":{"confidence_level":0.95,"lower_bound":171021.40038208387,"upper_bound":171188.3789285311},"point_estimate":171092.91524998768,"standard_error":42.92072297534521},"StdDev":{"confidence_interval":{"confidence_level":0.95,"lower_bound":224.80754705124465,"upper_bound":1557.748987435517},"point_estimate":930.01803262986,"standard_error":455.7947302313489}}