{"Mean":{"confidence_interval":{"confidence_level":0.95,"lower_bound":432208.28196181793,"upper_bound":433895.0259877508},"point_estimate":433021.1491281409,"standard_error":430.0887733381857},"Median":{"confidence_interval":{"confidence_level":0.95,"lower_bound":431783.44327731093,"upper_bound":431896.6222222222},"point_estimate":431825.20392156864,"standard_error":27.549304931482887},"MedianAbsDev":{"confidence_interval":{"confidence_level":0.95,"lower_bound":231.51504588978835,"upper_bound":5189.072151336628},"point_estimate":874.1669003628031,"standard_error":1689.6756012062872},"Slope":{"confidence_interval":{"confidence_level":0.95,"lower_bound":430642.5472057063,"upper_bound":432564.77377799025},"point_estimate":431511.46342446184,"standard_error":492.24376935092533},"StdDev":{"confidence_interval":{"confidence_level":0.95,"lower_bound":3412.8384080254236,"upper_bound":5336.026316898006},"point_estimate":4313.094527126482,"standard_error":513.6425925724486}}