{"Mean":{"confidence_interval":{"confidence_level":0.95,"lower_bound":153828.54407499966,"upper_bound":155403.76253701156},"point_estimate":154537.08701032764,"standard_error":404.2994139888428},"Median":{"confidence_interval":{"confidence_level":0.95,"lower_bound":153398.12820512822,"upper_bound":153482.75411522633},"point_estimate":153429.5509672619,"standard_error":21.72395194238506},"MedianAbsDev":{"confidence_interval":{"confidence_level":0.95,"lower_bound":69.68082598514299,"upper_bound":177.49423792136048},"point_estimate":111.70377630699805,"standard_error":27.9919650667906},"Slope":{"confidence_interval":{"confidence_level":0.95,"lower_bound":154232.8511981444,"upper_bound":157670.47489661074},"point_estimate":155809.1230303926,"standard_error":880.2917370756523},"StdDev":{"confidence_interval":{"confidence_level":0.95,"lower_bound":2109.268476388026,"upper_bound":5519.55241921364},"point_estimate":4064.4634569193677,"standard_error":870.3676286532567}}