{"Mean":{"confidence_interval":{"confidence_level":0.95,"lower_bound":178607.0662605729,"upper_bound":179276.39399663583},"point_estimate":178902.43082317009,"standard_error":171.99498864272334},"Median":{"confidence_interval":{"confidence_level":0.95,"lower_bound":178183.99659863947,"upper_bound":178609.93452380953},"point_estimate":178414.1919952471,"standard_error":109.73150547204588},"MedianAbsDev":{"confidence_interval":{"confidence_level":0.95,"lower_bound":504.71863461088356,"upper_bound":1014.3592851966554},"point_estimate":772.7289923820123,"standard_error":128.13655353045263},"Slope":{"confidence_interval":{"confidence_level":0.95,"lower_bound":178554.19834033836,"upper_bound":179784.43661456084},"point_estimate":179036.9883050096,"standard_error":327.3031079469919},"StdDev":{"confidence_interval":{"confidence_level":0.95,"lower_bound":935.6475463451098,"upper_bound":2566.4164737215706},"point_estimate":1729.1938590777484,"standard_error":488.12324405816054}}