{"Mean":{"confidence_interval":{"confidence_level":0.95,"lower_bound":70209.78086543547,"upper_bound":70685.01349134758},"point_estimate":70437.75029534227,"standard_error":121.63813231653344},"Median":{"confidence_interval":{"confidence_level":0.95,"lower_bound":69803.44262295082,"upper_bound":69963.85761047463},"point_estimate":69849.51282051281,"standard_error":38.0093092829612},"MedianAbsDev":{"confidence_interval":{"confidence_level":0.95,"lower_bound":252.50633286332567,"upper_bound":516.5266725989204},"point_estimate":360.6692779859669,"standard_error":66.24040952603819},"Slope":{"confidence_interval":{"confidence_level":0.95,"lower_bound":70773.07550335454,"upper_bound":71587.5927851638},"point_estimate":71190.63578383786,"standard_error":208.87559757249375},"StdDev":{"confidence_interval":{"confidence_level":0.95,"lower_bound":977.0061733963764,"upper_bound":1422.3301023605252},"point_estimate":1224.3368302978067,"standard_error":113.84052261194645}}