{"Mean":{"confidence_interval":{"confidence_level":0.95,"lower_bound":161956.2948995843,"upper_bound":162211.91689474444},"point_estimate":162081.4327880446,"standard_error":65.37920341094937},"Median":{"confidence_interval":{"confidence_level":0.95,"lower_bound":161593.73807797115,"upper_bound":162403.17730496454},"point_estimate":161762.84234234234,"standard_error":289.3243887648827},"MedianAbsDev":{"confidence_interval":{"confidence_level":0.95,"lower_bound":208.96753719569062,"upper_bound":1021.8130007480828},"point_estimate":479.2337385670507,"standard_error":288.15489504329685},"Slope":{"confidence_interval":{"confidence_level":0.95,"lower_bound":161613.7846015842,"upper_bound":161793.00269559276},"point_estimate":161690.69483670755,"standard_error":45.955323957592974},"StdDev":{"confidence_interval":{"confidence_level":0.95,"lower_bound":551.6411935475709,"upper_bound":775.2335900684927},"point_estimate":657.3247047530081,"standard_error":58.35127323704967}}