{"Mean":{"confidence_interval":{"confidence_level":0.95,"lower_bound":395443.26265806233,"upper_bound":396238.71098647534},"point_estimate":395770.6108276043,"standard_error":206.1879323377612},"Median":{"confidence_interval":{"confidence_level":0.95,"lower_bound":395294.96113847836,"upper_bound":395360.65925925924},"point_estimate":395314.17497868714,"standard_error":15.602365069019989},"MedianAbsDev":{"confidence_interval":{"confidence_level":0.95,"lower_bound":84.15076613637228,"upper_bound":154.8479681281364},"point_estimate":112.26054184679026,"standard_error":17.42309765136811},"Slope":{"confidence_interval":{"confidence_level":0.95,"lower_bound":395374.6155932858,"upper_bound":395871.1126107744},"point_estimate":395551.99766711,"standard_error":134.55650058086704},"StdDev":{"confidence_interval":{"confidence_level":0.95,"lower_bound":627.741841352075,"upper_bound":3297.778630433973},"point_estimate":2076.7810071935837,"standard_error":761.4293286588793}}