{"Mean":{"confidence_interval":{"confidence_level":0.95,"lower_bound":274163.9462211483,"upper_bound":274946.0239682256},"point_estimate":274476.000522187,"standard_error":205.3088773104517},"Median":{"confidence_interval":{"confidence_level":0.95,"lower_bound":274005.05454545456,"upper_bound":274257.3176470588},"point_estimate":274077.01463607594,"standard_error":62.36400286420684},"MedianAbsDev":{"confidence_interval":{"confidence_level":0.95,"lower_bound":291.147945792617,"upper_bound":546.520551845131},"point_estimate":400.2367663479102,"standard_error":66.27032150025661},"Slope":{"confidence_interval":{"confidence_level":0.95,"lower_bound":274148.6233476327,"upper_bound":275011.2088236928},"point_estimate":274461.8975720408,"standard_error":235.2622763208221},"StdDev":{"confidence_interval":{"confidence_level":0.95,"lower_bound":628.9812564696296,"upper_bound":3348.1602672411645},"point_estimate":2059.580604246346,"standard_error":859.9766638795629}}