{"Mean":{"confidence_interval":{"confidence_level":0.95,"lower_bound":14104.591135862873,"upper_bound":15621.735747232597},"point_estimate":14841.23479760623,"standard_error":388.5287490825555},"Median":{"confidence_interval":{"confidence_level":0.95,"lower_bound":12528.648504273504,"upper_bound":12804.499868247694},"point_estimate":12613.563315106792,"standard_error":71.49027991838139},"MedianAbsDev":{"confidence_interval":{"confidence_level":0.95,"lower_bound":198.49457250723214,"upper_bound":602.8930016595539},"point_estimate":329.81837526681136,"standard_error":100.86526060147493},"Slope":{"confidence_interval":{"confidence_level":0.95,"lower_bound":13272.284849410831,"upper_bound":14090.652588107732},"point_estimate":13631.14144156531,"standard_error":209.29933743808334},"StdDev":{"confidence_interval":{"confidence_level":0.95,"lower_bound":3330.240239595082,"upper_bound":4301.97688639614},"point_estimate":3907.357346644318,"standard_error":249.59113789551628}}