{"Mean":{"confidence_interval":{"confidence_level":0.95,"lower_bound":331303.18862340203,"upper_bound":331663.963590634},"point_estimate":331488.6661885757,"standard_error":91.51953265804526},"Median":{"confidence_interval":{"confidence_level":0.95,"lower_bound":331393.9685185185,"upper_bound":331688.22794407804},"point_estimate":331538.84135472367,"standard_error":72.11772500854437},"MedianAbsDev":{"confidence_interval":{"confidence_level":0.95,"lower_bound":440.5024166239284,"upper_bound":698.278333441639},"point_estimate":582.3015632407487,"standard_error":64.82929542332325},"Slope":{"confidence_interval":{"confidence_level":0.95,"lower_bound":331486.17639986036,"upper_bound":331833.0204601969},"point_estimate":331652.6118102557,"standard_error":88.5611178343974},"StdDev":{"confidence_interval":{"confidence_level":0.95,"lower_bound":659.785848832503,"upper_bound":1161.7978528291012},"point_estimate":918.8468883009535,"standard_error":128.91284193120578}}