{"Mean":{"confidence_interval":{"confidence_level":0.95,"lower_bound":87591.93525985548,"upper_bound":87684.92305841272},"point_estimate":87634.68358401686,"standard_error":23.86038172325845},"Median":{"confidence_interval":{"confidence_level":0.95,"lower_bound":87536.7281689255,"upper_bound":87564.36859476221},"point_estimate":87546.4642347702,"standard_error":8.274431972336778},"MedianAbsDev":{"confidence_interval":{"confidence_level":0.95,"lower_bound":31.574902342529676,"upper_bound":66.0817091228995},"point_estimate":40.66841193011798,"standard_error":9.8744915689121},"Slope":{"confidence_interval":{"confidence_level":0.95,"lower_bound":87660.64294681179,"upper_bound":87862.83724212597},"point_estimate":87758.33616373577,"standard_error":51.61268703385697},"StdDev":{"confidence_interval":{"confidence_level":0.95,"lower_bound":147.46926100753495,"upper_bound":315.2207478658106},"point_estimate":239.730224335331,"standard_error":42.8107897573219}}