{"Mean":{"confidence_interval":{"confidence_level":0.95,"lower_bound":121176.86481811835,"upper_bound":122971.02138751006},"point_estimate":121980.29455672545,"standard_error":460.1134106500386},"Median":{"confidence_interval":{"confidence_level":0.95,"lower_bound":120530.5179597701,"upper_bound":120656.78819444444},"point_estimate":120592.37012108263,"standard_error":34.401504322988536},"MedianAbsDev":{"confidence_interval":{"confidence_level":0.95,"lower_bound":84.39513550434565,"upper_bound":251.46098596418437},"point_estimate":160.60470131536565,"standard_error":45.963909643638445},"Slope":{"confidence_interval":{"confidence_level":0.95,"lower_bound":121198.73542818661,"upper_bound":123991.91611332122},"point_estimate":122327.05198056746,"standard_error":736.2602209323395},"StdDev":{"confidence_interval":{"confidence_level":0.95,"lower_bound":2155.230972986492,"upper_bound":6531.007434284635},"point_estimate":4631.218714653522,"standard_error":1108.2861868361017}}