{"Mean":{"confidence_interval":{"confidence_level":0.95,"lower_bound":362353.2095925794,"upper_bound":362919.9968827146},"point_estimate":362572.70794881135,"standard_error":150.64420163709354},"Median":{"confidence_interval":{"confidence_level":0.95,"lower_bound":362256.78873239434,"upper_bound":362286.7196371882},"point_estimate":362271.4868959869,"standard_error":8.799517480311088},"MedianAbsDev":{"confidence_interval":{"confidence_level":0.95,"lower_bound":40.8416286082463,"upper_bound":81.3080709702923},"point_estimate":54.35451115621924,"standard_error":10.183894220330448},"Slope":{"confidence_interval":{"confidence_level":0.95,"lower_bound":362313.47323400434,"upper_bound":362755.67579983745},"point_estimate":362485.86233289,"standard_error":116.74507354250026},"StdDev":{"confidence_interval":{"confidence_level":0.95,"lower_bound":296.2342958695703,"upper_bound":2492.3400014231684},"point_estimate":1508.967300745429,"standard_error":676.6439705569263}}