{"Mean":{"confidence_interval":{"confidence_level":0.95,"lower_bound":258849.47896736214,"upper_bound":259256.99815935266},"point_estimate":259044.42684980904,"standard_error":104.21313577183517},"Median":{"confidence_interval":{"confidence_level":0.95,"lower_bound":258704.52628604596,"upper_bound":259333.06003521127},"point_estimate":259032.19237588652,"standard_error":159.933250539315},"MedianAbsDev":{"confidence_interval":{"confidence_level":0.95,"lower_bound":676.9630804530885,"upper_bound":1223.7747876470949},"point_estimate":988.120929871151,"standard_error":137.26145826098923},"Slope":{"confidence_interval":{"confidence_level":0.95,"lower_bound":258887.86611385888,"upper_bound":259380.16824702627},"point_estimate":259122.54881557557,"standard_error":125.42593925705945},"StdDev":{"confidence_interval":{"confidence_level":0.95,"lower_bound":768.3164597113174,"upper_bound":1325.2544107844294},"point_estimate":1043.5793661035607,"standard_error":145.49376348688713}}