{"Mean":{"confidence_interval":{"confidence_level":0.95,"lower_bound":353117.31813497026,"upper_bound":353549.7443829472},"point_estimate":353386.8209289643,"standard_error":115.92259765259904},"Median":{"confidence_interval":{"confidence_level":0.95,"lower_bound":353477.80606060603,"upper_bound":353505.83682983683},"point_estimate":353487.6277777777,"standard_error":7.556643061908708},"MedianAbsDev":{"confidence_interval":{"confidence_level":0.95,"lower_bound":50.64088797051489,"upper_bound":96.33191079141223},"point_estimate":71.72275397065306,"standard_error":11.677993877431204},"Slope":{"confidence_interval":{"confidence_level":0.95,"lower_bound":353494.2596364037,"upper_bound":353569.081822093},"point_estimate":353531.6184926851,"standard_error":18.98772058374788},"StdDev":{"confidence_interval":{"confidence_level":0.95,"lower_bound":130.06610012074802,"upper_bound":1938.9256175150474},"point_estimate":1163.0134430800601,"standard_error":546.9624848267256}}